2019-11-14 12:33:13 ROFF tcb_2, test:1, attempt 1
2019-11-14 12:33:16 ROFF tcb_2, test:1, attempt 2
2019-11-14 12:33:18 ROFF tcb_2, test:1, attempt 3
2019-11-14 12:33:20 ROFF tcb_2, test:1, attempt 4
2019-11-14 12:33:22 ROFF tcb_2, test:1, attempt 5
2019-11-14 12:33:24 ROFF ndb_2, test:1, attempt 1
2019-11-14 12:33:26 ROFF ndb_2, test:1, attempt 2
2019-11-14 12:33:28 ROFF ndb_2, test:1, attempt 3
2019-11-14 12:33:30 ROFF ndb_2, test:1, attempt 4
2019-11-14 12:33:32 ROFF ndb_2, test:1, attempt 5
2019-11-14 12:33:34 ROFF ndb_3, test:1, attempt 1
2019-11-14 12:33:36 ROFF ndb_3, test:1, attempt 2
2019-11-14 12:33:38 ROFF ndb_3, test:1, attempt 3
2019-11-14 12:33:40 ROFF ndb_3, test:1, attempt 4
2019-11-14 12:33:42 ROFF ndb_3, test:1, attempt 5
2019-11-14 12:33:44 ROFF ndb_3, test:1, attempt 6
2019-11-14 12:33:46 ROFF ndb_3, test:1, attempt 7
